wavelength,counts
339.70,582.56
340.08,582.56
340.45,582.56
340.83,582.56
341.20,582.56
341.58,582.56
341.95,594.50
342.33,576.24
342.70,569.92
343.08,584.67
343.45,574.84
343.82,576.01
344.20,583.26
344.57,566.41
344.95,584.90
345.32,579.05
345.70,565.01
346.07,584.43
346.44,608.07
346.82,607.84
347.19,617.43
347.57,656.99
347.94,633.35
348.32,653.71
348.69,667.05
349.06,669.39
349.44,672.67
349.81,669.86
350.18,701.46
350.56,703.57
350.93,701.69
351.31,709.88
351.68,737.50
352.05,727.91
352.43,723.23
352.80,733.99
353.17,752.95
353.55,752.25
353.92,734.69
354.30,733.76
354.67,765.36
355.04,778.70
355.42,757.63
355.79,736.80
356.16,763.72
356.54,765.59
356.91,769.57
357.28,766.76
357.66,764.65
358.03,776.12
358.40,767.46
358.77,754.12
359.15,743.82
359.52,757.40
359.89,759.74
360.27,769.57
360.64,765.36
361.01,762.78
361.39,753.89
361.76,752.48
362.13,739.84
362.50,755.52
362.88,748.27
363.25,732.12
363.62,745.23
364.00,742.89
364.37,753.42
364.74,736.80
365.11,757.87
365.49,730.25
365.86,737.97
366.23,729.31
366.60,731.42
366.97,737.97
367.35,759.04
367.72,745.69
368.09,744.52
368.46,734.69
368.84,763.01
369.21,748.97
369.58,746.86
369.95,736.57
370.32,740.78
370.70,752.72
371.07,739.14
371.44,735.86
371.81,735.16
372.18,751.31
372.56,749.91
372.93,753.89
373.30,751.78
373.67,743.82
374.04,743.59
374.42,749.67
374.79,755.99
375.16,741.72
375.53,733.29
375.90,773.08
376.27,740.78
376.65,748.27
377.02,752.72
377.39,748.27
377.76,736.10
378.13,748.04
378.50,761.38
378.87,761.14
379.24,751.78
379.62,774.72
379.99,757.16
380.36,766.29
380.73,772.84
381.10,760.21
381.47,763.72
381.84,779.63
382.21,765.82
382.58,773.55
382.96,799.29
383.33,786.89
383.70,796.48
384.07,824.80
384.44,815.21
384.81,824.10
385.18,838.85
385.55,880.98
385.92,899.00
386.29,904.38
386.66,931.30
387.03,957.28
387.40,998.47
387.77,1022.58
388.14,1039.67
388.52,1068.45
388.89,1112.22
389.26,1165.82
389.63,1193.91
390.00,1228.55
390.37,1245.40
390.74,1269.04
391.11,1270.44
391.48,1240.25
391.85,1203.04
392.22,1104.03
392.59,1024.92
392.96,970.62
393.33,928.02
393.70,939.96
394.07,1032.18
394.44,1165.35
394.81,1305.78
395.18,1453.94
395.55,1637.20
395.92,1760.79
396.29,1882.73
396.66,2001.39
397.03,2152.82
397.40,2315.96
397.76,2493.84
398.13,2733.51
398.50,2921.22
398.87,3036.38
399.24,3135.85
399.61,3287.28
399.98,3424.67
400.35,3602.79
400.72,3774.82
401.09,4092.66
401.46,4433.91
401.83,4748.24
402.20,5125.77
402.57,5449.24
402.93,5749.76
403.30,6125.18
403.67,6480.48
404.04,6652.04
404.41,6962.63
404.78,7039.40
405.15,7237.64
405.52,7383.22
405.89,7442.90
406.26,7430.97
406.62,7556.42
406.99,7501.42
407.36,7438.92
407.73,7298.96
408.10,7236.47
408.47,7096.04
408.84,6906.45
409.20,6674.51
409.57,6430.39
409.94,6202.42
410.31,5819.27
410.68,5574.45
411.05,5361.23
411.41,5048.30
411.78,4783.35
412.15,4470.66
412.52,4211.09
412.89,3895.59
413.26,3669.02
413.62,3454.63
413.99,3272.54
414.36,3125.55
414.73,2989.57
415.10,2896.65
415.46,2756.21
415.83,2740.53
416.20,2652.30
416.57,2614.14
416.93,2509.99
417.30,2462.24
417.67,2433.69
418.04,2339.37
418.41,2323.22
418.77,2283.66
419.14,2212.27
419.51,2167.34
419.88,2123.80
420.24,2087.52
420.61,2009.12
420.98,1949.67
421.34,1908.94
421.71,1848.32
422.08,1804.08
422.45,1721.23
422.81,1676.99
423.18,1645.40
423.55,1555.29
423.92,1532.35
424.28,1479.69
424.65,1431.71
425.02,1381.85
425.38,1363.13
425.75,1335.28
426.12,1300.87
426.48,1265.76
426.85,1257.57
427.22,1218.48
427.58,1198.82
427.95,1142.88
428.32,1157.16
428.68,1135.39
429.05,1140.78
429.42,1126.50
429.78,1071.97
430.15,1066.58
430.52,1076.88
430.88,1043.88
431.25,1029.60
431.62,1005.73
431.98,1030.07
432.35,994.49
432.71,1000.81
433.08,964.07
433.45,955.87
433.81,961.49
434.18,962.66
434.55,950.02
434.91,928.72
435.28,944.41
435.64,933.17
436.01,918.89
436.38,944.87
436.74,901.34
437.11,925.21
437.47,886.59
437.84,874.42
438.20,895.96
438.57,869.98
438.94,862.02
439.30,873.72
439.67,866.23
440.03,837.21
440.40,843.53
440.76,844.23
441.13,846.81
441.49,818.95
441.86,828.78
442.22,840.25
442.59,816.38
442.96,813.57
443.32,822.00
443.69,790.40
444.05,820.36
444.42,787.36
444.78,834.17
445.15,807.25
445.51,824.10
445.88,813.34
446.24,803.97
446.61,818.95
446.97,791.57
447.34,785.95
447.70,799.29
448.07,793.91
448.43,794.38
448.79,787.59
449.16,782.44
449.52,796.02
449.89,791.34
450.25,805.85
450.62,783.61
450.98,785.95
451.35,781.04
451.71,774.72
452.07,784.08
452.44,775.42
452.80,785.72
453.17,774.72
453.53,779.16
453.90,780.10
454.26,801.40
454.62,800.70
454.99,786.42
455.35,785.95
455.72,780.80
456.08,785.48
456.44,774.48
456.81,779.16
457.17,771.21
457.54,774.95
457.90,768.87
458.26,778.93
458.63,772.84
458.99,784.08
459.35,767.70
459.72,772.61
460.08,759.50
460.45,770.50
460.81,766.06
461.17,768.63
461.54,775.19
461.90,768.16
462.26,777.99
462.63,764.89
462.99,776.12
463.35,769.57
463.72,766.29
464.08,777.06
464.44,752.25
464.80,781.27
465.17,763.25
465.53,758.10
465.89,771.21
466.26,749.21
466.62,757.16
466.98,776.12
467.35,773.55
467.71,766.06
468.07,799.76
468.43,757.40
468.80,776.82
469.16,775.89
469.52,777.76
469.88,769.33
470.25,769.33
470.61,765.36
470.97,772.61
471.33,754.82
471.70,768.40
472.06,760.21
472.42,768.40
472.78,769.80
473.15,776.59
473.51,771.67
473.87,788.53
474.23,791.10
474.59,793.68
474.96,785.02
475.32,773.31
475.68,769.57
476.04,787.82
476.40,788.53
476.77,785.48
477.13,773.78
477.49,763.01
477.85,782.68
478.21,776.59
478.57,790.40
478.94,773.31
479.30,760.21
479.66,755.52
480.02,798.59
480.38,788.29
480.74,786.89
481.11,776.59
481.47,785.48
481.83,794.85
482.19,777.06
482.55,760.91
482.91,792.74
483.27,779.40
483.63,788.76
484.00,789.23
484.36,793.44
484.72,772.84
485.08,781.97
485.44,788.06
485.80,782.91
486.16,806.55
486.52,796.72
486.88,782.91
487.24,796.02
487.61,791.57
487.97,788.76
488.33,811.46
488.69,798.12
489.05,803.04
489.41,798.59
489.77,793.91
490.13,783.61
490.49,778.46
490.85,785.48
491.21,788.76
491.57,819.19
491.93,789.70
492.29,802.57
492.65,814.04
493.01,789.70
493.37,779.16
493.73,787.59
494.09,797.65
494.45,787.36
494.81,807.95
495.17,790.40
495.53,794.14
495.89,800.93
496.25,799.76
496.61,780.33
496.97,813.57
497.33,813.34
497.69,815.91
498.05,800.00
498.41,796.72
498.77,803.27
499.13,770.27
499.49,790.40
499.85,777.99
500.21,810.76
500.57,814.27
500.93,792.97
501.29,802.34
501.65,781.04
502.01,812.17
502.37,786.19
502.72,799.76
503.08,799.76
503.44,775.65
503.80,787.82
504.16,809.36
504.52,800.70
504.88,795.78
505.24,809.59
505.60,801.17
505.96,789.46
506.31,787.12
506.67,778.23
507.03,796.48
507.39,823.87
507.75,804.91
508.11,801.87
508.47,791.34
508.83,811.46
509.18,814.27
509.54,800.93
509.90,801.63
510.26,790.87
510.62,796.02
510.98,811.23
511.33,799.76
511.69,818.49
512.05,784.78
512.41,797.89
512.77,802.10
513.12,808.89
513.48,798.36
513.84,800.00
514.20,795.55
514.56,784.78
514.91,776.36
515.27,799.76
515.63,785.95
515.99,780.10
516.35,803.51
516.70,802.10
517.06,812.40
517.42,791.10
517.78,797.42
518.13,778.23
518.49,805.14
518.85,799.06
519.21,783.61
519.56,797.42
519.92,792.51
520.28,785.02
520.64,789.93
520.99,785.02
521.35,799.06
521.71,800.00
522.07,796.02
522.42,793.44
522.78,792.51
523.14,797.42
523.49,796.25
523.85,781.50
524.21,770.50
524.56,793.68
524.92,809.83
525.28,822.46
525.64,791.34
525.99,804.91
526.35,800.23
526.71,816.85
527.06,790.87
527.42,794.14
527.78,790.40
528.13,790.40
528.49,818.25
528.84,791.80
529.20,797.89
529.56,802.57
529.91,807.72
530.27,797.65
530.63,824.34
530.98,813.34
531.34,814.51
531.69,821.06
532.05,845.64
532.41,829.02
532.76,842.59
533.12,862.49
533.47,859.44
533.83,853.36
534.19,860.61
534.54,858.51
534.90,869.27
535.25,847.04
535.61,849.85
535.97,867.40
536.32,845.87
536.68,838.15
537.03,855.47
537.39,846.34
537.74,850.78
538.10,865.06
538.45,872.55
538.81,854.53
539.16,861.55
539.52,854.76
539.88,839.08
540.23,851.72
540.59,834.64
540.94,831.59
541.30,848.91
541.65,830.66
542.01,844.47
542.36,837.21
542.72,845.17
543.07,844.47
543.43,832.76
543.78,843.76
544.14,825.51
544.49,818.02
544.84,848.44
545.20,814.97
545.55,846.81
545.91,829.49
546.26,847.04
546.62,829.49
546.97,858.27
547.33,813.34
547.68,833.46
548.04,817.32
548.39,828.08
548.74,800.70
549.10,821.76
549.45,833.46
549.81,809.83
550.16,822.70
550.51,829.25
550.87,857.81
551.22,827.85
551.58,854.53
551.93,818.49
552.28,839.78
552.64,841.42
552.99,850.08
553.35,833.23
553.70,854.30
554.05,821.53
554.41,846.81
554.76,846.57
555.11,847.04
555.47,835.81
555.82,824.57
556.17,837.21
556.53,810.06
556.88,845.17
557.23,841.19
557.59,810.53
557.94,837.44
558.29,832.06
558.65,828.55
559.00,826.68
559.35,829.72
559.71,821.53
560.06,831.36
560.41,832.53
560.77,815.91
561.12,814.97
561.47,820.59
561.82,810.06
562.18,808.19
562.53,802.10
562.88,796.95
563.24,807.48
563.59,808.66
563.94,815.68
564.29,802.57
564.65,804.44
565.00,802.57
565.35,775.42
565.70,800.93
566.06,811.70
566.41,816.61
566.76,804.21
567.11,800.23
567.46,801.17
567.82,800.70
568.17,806.78
568.52,809.12
568.87,807.48
569.23,822.00
569.58,825.04
569.93,823.87
570.28,829.72
570.63,842.36
570.98,822.93
571.34,840.02
571.69,827.85
572.04,839.08
572.39,863.42
572.74,887.77
573.09,868.81
573.45,888.23
573.80,890.81
574.15,905.79
574.50,912.34
574.85,947.45
575.20,965.47
575.55,990.98
575.91,1028.43
576.26,1097.95
576.61,1192.97
576.96,1315.62
577.31,1480.86
577.66,1681.44
578.01,1931.18
578.36,2098.99
578.71,2252.30
579.07,2259.79
579.42,2109.06
579.77,1830.77
580.12,1612.86
580.47,1425.85
580.82,1364.77
581.17,1323.81
581.52,1335.28
581.87,1412.75
582.22,1535.39
582.57,1623.63
582.92,1778.10
583.27,1946.39
583.62,2208.30
583.97,2406.54
584.32,2746.62
584.67,3068.44
585.02,3391.44
585.37,3842.93
585.72,4263.52
586.07,4718.05
586.42,5197.39
586.77,5669.25
587.12,6103.88
587.47,6501.31
587.82,6765.32
588.17,7029.56
588.52,7201.59
588.87,7409.67
589.22,7511.48
589.57,7624.06
589.92,7721.66
590.27,7841.26
590.62,8021.25
590.97,8137.81
591.32,8290.65
591.67,8416.10
592.02,8480.46
592.37,8347.75
592.72,8300.01
593.07,8166.60
593.42,7896.73
593.77,7804.05
594.12,7562.74
594.47,7444.78
594.81,7309.26
595.16,7375.03
595.51,7271.81
595.86,7265.73
596.21,7176.08
596.56,6966.60
596.91,6732.55
597.26,6403.71
597.61,5960.64
597.95,5511.96
598.30,5000.79
598.65,4506.70
599.00,4065.98
599.35,3626.66
599.70,3213.79
600.05,2874.41
600.39,2574.82
600.74,2308.94
601.09,2084.01
601.44,1971.43
601.79,1874.30
602.14,1797.53
602.48,1762.19
602.83,1745.57
603.18,1739.95
603.53,1768.04
603.88,1812.98
604.22,1871.26
604.57,1903.09
604.92,1979.86
605.27,2053.35
605.62,2184.19
605.96,2289.75
606.31,2530.35
606.66,2730.00
607.01,3063.76
607.35,3526.95
607.70,4231.45
608.05,5317.93
608.40,6921.67
608.74,9337.80
609.09,12735.32
609.44,17060.87
609.79,22334.80
610.13,27642.90
610.48,32740.82
610.83,36786.20
611.18,39722.87
611.52,40958.91
611.87,40926.84
612.22,40075.59
612.56,38615.33
612.91,36951.68
613.26,35160.00
613.61,33486.04
613.95,31957.44
614.30,30580.74
614.65,29230.72
614.99,28299.42
615.34,27236.58
615.69,26400.54
616.03,25401.37
616.38,24379.49
616.73,23404.42
617.07,22632.04
617.42,21851.01
617.76,21112.33
618.11,20647.74
618.46,20311.17
618.80,19873.49
619.15,19636.39
619.50,19356.70
619.84,18933.06
620.19,18423.06
620.53,17761.62
620.88,17171.34
621.23,16392.41
621.57,15616.05
621.92,14897.28
622.26,14381.42
622.61,13636.20
622.96,12969.38
623.30,12237.73
623.65,11517.78
623.99,10735.10
624.34,9823.46
624.68,9072.62
625.03,8245.24
625.38,7355.37
625.72,6636.82
626.07,5947.54
626.41,5263.63
626.76,4709.39
627.10,4241.28
627.45,3683.30
627.79,3359.37
628.14,3049.95
628.48,2774.24
628.83,2549.31
629.17,2360.20
629.52,2181.38
629.86,2055.46
630.21,1940.77
630.55,1825.15
630.90,1751.19
631.24,1692.44
631.59,1582.67
631.93,1557.39
632.28,1510.82
632.62,1459.56
632.97,1424.68
633.31,1343.94
633.65,1331.76
634.00,1290.81
634.34,1244.46
634.69,1218.72
635.03,1199.99
635.38,1156.69
635.72,1153.42
636.07,1138.90
636.41,1094.90
636.75,1107.54
637.10,1086.24
637.44,1060.96
637.79,1064.01
638.13,1044.82
638.47,1032.18
638.82,1032.18
639.16,994.73
639.51,1007.37
639.85,1022.35
640.19,999.88
640.54,991.45
640.88,988.41
641.22,989.58
641.57,990.28
641.91,964.77
642.25,982.32
642.60,965.47
642.94,958.22
643.28,930.60
643.63,949.56
643.97,950.02
644.31,971.09
644.66,945.34
645.00,959.62
645.34,962.19
645.69,957.75
646.03,1019.07
646.37,1000.58
646.72,1013.92
647.06,1071.73
647.40,1095.84
647.74,1169.10
648.09,1236.74
648.43,1269.74
648.77,1333.64
649.11,1398.00
649.46,1440.37
649.80,1507.77
650.14,1571.90
650.48,1640.48
650.83,1687.53
651.17,1757.98
651.51,1808.06
651.85,1846.92
652.20,1887.88
652.54,1941.94
652.88,1970.73
653.22,1982.90
653.57,1949.90
653.91,1956.92
654.25,1939.60
654.59,1937.03
654.93,1902.15
655.27,1870.09
655.62,1809.23
655.96,1745.81
656.30,1696.89
656.64,1632.99
656.98,1603.03
657.33,1497.24
657.67,1421.88
658.01,1387.94
658.35,1326.62
658.69,1295.02
659.03,1226.91
659.37,1191.10
659.72,1190.86
660.06,1181.50
660.40,1168.86
660.74,1151.54
661.08,1142.88
661.42,1136.56
661.76,1116.20
662.10,1119.01
662.44,1124.39
662.79,1097.24
663.13,1078.99
663.47,1090.69
663.81,1083.43
664.15,1060.96
664.49,1048.79
664.83,1023.75
665.17,1009.94
665.51,1009.24
665.85,1025.15
666.19,992.15
666.53,975.07
666.87,972.49
667.21,939.26
667.55,930.36
667.89,965.47
668.23,953.77
668.57,939.73
668.91,933.87
669.26,899.00
669.60,888.70
669.94,893.62
670.28,888.47
670.62,903.91
670.96,862.72
671.29,897.83
671.63,849.38
671.97,852.19
672.31,861.79
672.65,853.59
672.99,845.87
673.33,842.59
673.67,847.98
674.01,853.13
674.35,846.34
674.69,847.04
675.03,849.85
675.37,822.23
675.71,823.17
676.05,835.81
676.39,855.47
676.73,827.61
677.07,825.51
677.41,825.74
677.74,817.08
678.08,838.85
678.42,827.85
678.76,835.10
679.10,812.40
679.44,829.95
679.78,821.06
680.12,835.81
680.46,838.38
680.79,837.91
681.13,839.32
681.47,851.02
681.81,847.74
682.15,848.91
682.49,850.08
682.83,869.74
683.16,864.13
683.50,923.58
683.84,954.00
684.18,953.77
684.52,1001.52
684.85,1004.56
685.19,1051.60
685.53,1106.37
685.87,1132.12
686.21,1166.29
686.55,1193.21
686.88,1217.08
687.22,1263.66
687.56,1254.76
687.90,1261.55
688.23,1301.81
688.57,1323.57
688.91,1330.83
689.25,1358.45
689.58,1377.64
689.92,1387.24
690.26,1385.13
690.60,1412.51
690.93,1442.71
691.27,1419.77
691.61,1421.88
691.95,1423.75
692.28,1465.88
692.62,1458.15
692.96,1471.96
693.29,1486.24
693.63,1519.71
693.97,1550.60
694.31,1557.39
694.64,1564.65
694.98,1626.20
695.32,1681.67
695.65,1741.83
695.99,1790.98
696.33,1911.05
696.66,1953.65
697.00,2069.03
697.34,2157.27
697.67,2326.73
698.01,2488.22
698.35,2676.17
698.68,2881.67
699.02,3135.15
699.35,3359.60
699.69,3601.15
700.03,3802.90
700.36,4052.64
700.70,4320.63
701.04,4471.13
701.37,4612.96
701.71,4671.48
702.04,4573.41
702.38,4513.26
702.72,4334.67
703.05,4149.77
703.39,3858.84
703.72,3580.32
704.06,3288.45
704.39,2961.25
704.73,2680.62
705.07,2419.41
705.40,2198.93
705.74,1977.05
706.07,1771.55
706.41,1603.03
706.74,1455.81
707.08,1347.45
707.41,1232.06
707.75,1151.78
708.08,1083.20
708.42,1019.07
708.75,994.96
709.09,953.07
709.42,931.07
709.76,913.28
710.09,888.00
710.43,858.27
710.76,865.53
711.10,843.53
711.43,850.55
711.77,837.21
712.10,832.29
712.44,824.80
712.77,819.89
713.11,822.00
713.44,815.21
713.77,815.44
714.11,809.83
714.44,796.72
714.78,778.93
715.11,788.29
715.45,788.53
715.78,778.23
716.11,775.19
716.45,769.33
716.78,764.18
717.12,779.16
717.45,759.27
717.78,781.97
718.12,767.46
718.45,767.70
718.78,775.19
719.12,781.04
719.45,783.14
719.79,769.80
720.12,769.80
720.45,761.14
720.79,767.46
721.12,773.55
721.45,780.10
721.79,766.53
722.12,772.61
722.45,766.29
722.79,759.50
723.12,764.89
723.45,768.87
723.79,754.35
724.12,744.76
724.45,733.76
724.78,757.87
725.12,745.69
725.45,770.97
725.78,758.80
726.12,777.76
726.45,772.14
726.78,752.48
727.11,744.99
727.45,767.70
727.78,760.44
728.11,751.55
728.44,736.33
728.78,779.40
729.11,766.99
729.44,746.16
729.77,764.42
730.11,759.27
730.44,769.80
730.77,755.29
731.10,752.48
731.43,739.14
731.77,752.01
732.10,774.48
732.43,754.59
732.76,755.99
733.09,764.18
733.43,763.48
733.76,760.91
734.09,763.72
734.42,757.63
734.75,770.27
735.08,775.65
735.42,749.67
735.75,778.93
736.08,759.27
736.41,782.91
736.74,772.84
737.07,767.93
737.40,762.31
737.73,754.82
738.07,767.70
738.40,773.55
738.73,752.48
739.06,760.44
739.39,767.70
739.72,757.16
740.05,769.10
740.38,786.89
740.71,783.85
741.04,777.76
741.38,764.18
741.71,759.74
742.04,783.14
742.37,778.23
742.70,781.04
743.03,787.82
743.36,798.36
743.69,777.99
744.02,783.14
744.35,789.23
744.68,792.04
745.01,784.08
745.34,784.08
745.67,775.19
746.00,796.95
746.33,774.25
746.66,808.19
746.99,782.21
747.32,789.23
747.65,770.50
747.98,798.12
748.31,776.59
748.64,783.38
748.97,789.46
749.30,765.12
749.63,783.14
749.96,795.08
750.29,777.76
750.62,778.70
750.95,778.46
751.28,773.31
751.60,795.78
751.93,764.65
752.26,766.53
752.59,778.23
752.92,760.21
753.25,769.33
753.58,751.78
753.91,782.68
754.24,779.63
754.57,769.80
754.90,750.38
755.22,773.08
755.55,775.89
755.88,749.91
756.21,768.16
756.54,772.61
756.87,748.74
757.20,773.31
757.52,773.55
757.85,766.53
758.18,749.67
758.51,770.50
758.84,773.55
759.17,765.82
759.49,768.16
759.82,762.55
760.15,799.76
760.48,772.38
760.81,777.76
761.14,774.48
761.46,754.59
761.79,773.78
762.12,766.06
762.45,775.65
762.77,767.70
763.10,751.78
763.43,754.35
763.76,745.93
764.09,760.91
764.41,791.34
764.74,774.02
765.07,760.91
765.39,777.99
765.72,769.33
766.05,767.23
766.38,759.50
766.70,765.82
767.03,778.23
767.36,765.82
767.69,766.99
768.01,756.46
768.34,752.95
768.67,755.52
768.99,763.48
769.32,754.82
769.65,727.44
769.97,745.69
770.30,741.72
770.63,766.29
770.95,756.93
771.28,759.04
771.61,760.91
771.93,736.10
772.26,748.97
772.59,751.31
772.91,758.33
773.24,752.72
773.57,785.02
773.89,756.46
774.22,754.82
774.54,778.23
774.87,752.48
775.20,764.89
775.52,762.31
775.85,760.21
776.17,756.23
776.50,754.12
776.83,756.46
777.15,751.55
777.48,751.31
777.80,737.27
778.13,761.61
778.45,757.16
778.78,755.99
779.10,744.29
779.43,746.63
779.76,753.42
780.08,747.57
780.41,769.80
780.73,764.65
781.06,759.50
781.38,765.59
781.71,768.16
782.03,748.27
782.36,754.12
782.68,741.01
783.01,764.89
783.33,753.18
783.66,745.69
783.98,771.67
784.31,788.06
784.63,737.03
784.95,758.10
785.28,747.33
785.60,749.44
785.93,773.55
786.25,729.78
786.58,754.12
786.90,749.44
787.23,752.95
787.55,767.46
787.87,730.01
788.20,750.61
788.52,736.80
788.85,732.35
789.17,730.72
789.49,722.99
789.82,760.91
790.14,735.40
790.47,766.76
790.79,766.76
791.11,752.95
791.44,742.65
791.76,765.82
792.09,758.10
792.41,761.38
792.73,763.72
793.06,748.04
793.38,765.82
793.70,757.16
794.03,740.78
794.35,749.21
794.67,772.14
795.00,768.63
795.32,759.74
795.64,775.89
795.96,761.38
796.29,768.87
796.61,760.21
796.93,778.23
797.26,768.40
797.58,762.08
797.90,750.14
798.22,761.61
798.55,773.31
798.87,748.27
799.19,774.48
799.52,771.44
799.84,757.16
800.16,771.91
800.48,770.74
800.80,777.29
801.13,774.02
801.45,786.19
801.77,759.50
802.09,748.97
802.42,773.55
802.74,778.23
803.06,771.21
803.38,766.76
803.70,765.36
804.03,765.12
804.35,782.44
804.67,747.33
804.99,771.91
805.31,776.12
805.63,782.44
805.96,784.31
806.28,772.14
806.60,782.21
806.92,791.57
807.24,785.25
807.56,768.63
807.88,784.78
808.21,777.29
808.53,757.87
808.85,759.50
809.17,773.55
809.49,791.34
809.81,766.29
810.13,760.44
810.45,769.57
810.77,773.08
811.10,764.65
811.42,777.76
811.74,776.36
812.06,778.70
812.38,782.91
812.70,777.76
813.02,779.40
813.34,753.89
813.66,759.27
813.98,777.76
814.30,779.40
814.62,757.40
814.94,790.87
815.26,767.23
815.58,763.25
815.90,767.23
816.22,763.25
816.54,764.42
816.86,777.06
817.18,761.38
817.50,771.67
817.82,769.80
818.14,770.97
818.46,795.78
818.78,786.65
819.10,758.80
819.42,762.31
819.74,777.29
820.06,743.35
820.38,757.40
820.70,762.78
821.02,757.16
821.34,763.95
821.66,761.14
821.98,776.82
822.29,779.63
822.61,782.21
822.93,768.16
823.25,767.93
823.57,762.08
823.89,750.38
824.21,775.65
824.53,757.63
824.85,778.93
825.17,767.46
825.48,760.67
825.80,743.12
826.12,766.53
826.44,766.06
826.76,773.78
827.08,744.06
827.40,738.67
827.71,771.91
828.03,768.87
828.35,754.12
828.67,779.63
828.99,761.14
829.30,763.95
829.62,758.80
829.94,789.70
830.26,761.14
830.58,762.08
830.89,740.31
831.21,773.08
831.53,747.57
831.85,756.46
832.17,752.95
832.48,753.42
832.80,764.42
833.12,760.67
833.44,763.48
833.75,762.78
834.07,755.99
834.39,784.08
834.71,749.91
835.02,764.18
835.34,757.40
835.66,772.84
835.97,780.10
836.29,763.48
836.61,766.76
836.93,765.59
837.24,740.08
837.56,738.44
837.88,749.21
838.19,754.35
838.51,752.95
838.83,769.80
839.14,750.61
839.46,753.42
839.78,774.72
840.09,746.16
840.41,754.82
840.73,747.10
841.04,752.01
841.36,750.61
841.67,746.40
841.99,756.70
842.31,763.48
842.62,757.40
842.94,744.52
843.25,745.46
843.57,745.69
843.89,768.40
844.20,748.50
844.52,736.33
844.83,734.69
845.15,752.25
845.47,767.23
845.78,762.31
846.10,730.25
846.41,748.04
846.73,761.38
847.04,744.06
847.36,778.93
847.67,757.87
847.99,750.38
848.30,737.50
848.62,748.27
848.93,749.21
849.25,758.57
849.56,744.06
849.88,742.18
850.19,750.14
850.51,759.50
850.82,755.29
851.14,748.04
851.45,749.21
851.77,759.04
852.08,739.38
852.40,762.31
852.71,733.76
853.03,743.82
853.34,731.65
853.66,759.74
853.97,760.67
854.28,761.84
854.60,737.50
854.91,757.16
855.23,759.04
855.54,751.78
855.86,748.74
856.17,745.69
856.48,764.18
856.80,752.01
857.11,755.76
857.42,746.63
857.74,741.48
858.05,761.14
858.37,744.06
858.68,763.48
858.99,745.46
859.31,767.46
859.62,764.18
859.93,732.59
860.25,759.27
860.56,756.70
860.87,760.91
861.19,760.21
861.50,748.27
861.81,746.86
862.13,739.14
862.44,757.63
862.75,737.27
863.07,745.46
863.38,744.29
863.69,740.78
864.00,744.06
864.32,745.69
864.63,756.70
864.94,752.48
865.25,736.57
865.57,759.74
865.88,760.21
866.19,744.06
866.50,743.59
866.82,750.14
867.13,759.27
867.44,755.76
867.75,729.54
868.07,754.59
868.38,751.08
868.69,749.67
869.00,760.67
869.31,746.16
869.63,745.93
869.94,726.74
870.25,763.95
870.56,744.52
870.87,737.03
871.18,739.38
871.50,731.42
871.81,747.57
872.12,763.72
872.43,763.95
872.74,750.61
873.05,754.82
873.36,752.72
873.68,742.89
873.99,746.63
874.30,741.25
874.61,739.61
874.92,745.23
875.23,759.74
875.54,740.31
875.85,738.44
876.16,758.33
876.47,745.93
876.79,750.38
877.10,753.65
877.41,760.21
877.72,732.35
878.03,741.01
878.34,754.59
878.65,747.57
878.96,748.74
879.27,746.86
879.58,747.10
879.89,742.65
880.20,764.18
880.51,742.65
880.82,757.16
881.13,753.42
881.44,738.20
881.75,752.95
882.06,779.40
882.37,747.80
882.68,746.63
882.99,755.99
883.30,736.80
883.61,729.78
883.92,734.46
884.23,741.95
884.54,736.80
884.85,758.33
885.16,735.16
885.47,755.06
885.78,743.35
886.09,733.06
886.40,742.89
886.70,736.57
887.01,737.74
887.32,745.46
887.63,749.44
887.94,748.27
888.25,750.61
888.56,751.78
888.87,755.76
889.18,760.67
889.48,758.57
889.79,740.78
890.10,745.93
890.41,731.89
890.72,741.25
891.03,751.78
891.34,750.38
891.64,738.67
891.95,760.91
892.26,752.95
892.57,741.95
892.88,742.65
893.19,752.01
893.49,736.57
893.80,758.80
894.11,746.40
894.42,757.16
894.73,760.21
895.03,740.78
895.34,757.87
895.65,764.18
895.96,748.27
896.26,745.23
896.57,752.01
896.88,742.42
897.19,747.10
897.49,740.78
897.80,737.50
898.11,751.78
898.42,746.63
898.72,765.12
899.03,749.44
899.34,740.31
899.64,741.48
899.95,741.48
900.26,761.38
900.57,750.61
900.87,757.16
901.18,739.14
901.49,737.03
901.79,768.40
902.10,740.08
902.41,743.12
902.71,724.63
903.02,753.89
903.33,757.63
903.63,744.06
903.94,733.06
904.24,752.48
904.55,744.76
904.86,746.40
905.16,748.50
905.47,750.61
905.78,749.67
906.08,749.91
906.39,741.48
906.69,742.65
907.00,757.40
907.31,741.95
907.61,762.08
907.92,747.33
908.22,744.29
908.53,757.63
908.83,740.08
909.14,756.23
909.44,730.25
909.75,753.18
910.06,737.74
910.36,744.52
910.67,751.08
910.97,745.69
911.28,748.97
911.58,738.20
911.89,751.78
912.19,743.35
912.50,749.67
912.80,757.40
913.11,750.14
913.41,739.84
913.72,755.06
914.02,736.33
914.32,727.20
914.63,740.78
914.93,747.33
915.24,751.78
915.54,756.23
915.85,761.38
916.15,748.04
916.46,759.97
916.76,738.44
917.06,737.74
917.37,751.78
917.67,752.25
917.98,753.42
918.28,753.65
918.58,741.72
918.89,764.18
919.19,756.70
919.50,747.57
919.80,763.95
920.10,743.35
920.41,744.99
920.71,735.63
921.01,771.67
921.32,755.06
921.62,747.57
921.92,758.10
922.23,751.55
922.53,761.14
922.83,763.72
923.14,743.35
923.44,748.04
923.74,768.16
924.05,741.72
924.35,734.93
924.65,747.57
924.96,756.93
925.26,758.57
925.56,730.01
925.86,767.23
926.17,764.89
926.47,742.65
926.77,744.06
927.07,729.54
927.38,759.04
927.68,756.23
927.98,751.55
928.28,744.76
928.59,757.87
928.89,765.12
929.19,727.91
929.49,759.97
929.79,765.36
930.10,755.06
930.40,751.55
930.70,742.18
931.00,765.36
931.30,750.84
931.61,749.67
931.91,737.27
932.21,741.25
932.51,766.29
932.81,756.93
933.11,715.27
933.41,763.01
933.72,756.23
934.02,736.80
934.32,746.63
934.62,739.38
934.92,751.55
935.22,748.74
935.52,753.42
935.82,750.14
936.13,755.76
936.43,748.74
936.73,758.80
937.03,765.36
937.33,744.06
937.63,739.14
937.93,773.78
938.23,734.69
938.53,752.95
938.83,741.48
939.13,736.33
939.43,750.38
939.73,729.31
940.03,753.18
940.33,740.78
940.63,754.35
940.93,748.74
941.23,776.36
941.53,747.33
941.83,759.50
942.13,748.27
942.43,768.16
942.73,760.67
943.03,763.01
943.33,750.14
943.63,756.93
943.93,752.48
944.23,739.38
944.53,736.10
944.83,776.12
945.13,737.03
945.43,744.06
945.73,741.25
946.03,718.78
946.33,746.86
946.63,748.50
946.93,759.74
947.22,756.23
947.52,754.82
947.82,756.93
948.12,743.59
948.42,745.93
948.72,755.99
949.02,755.29
949.32,767.70
949.61,771.91
949.91,746.16
950.21,744.29
950.51,752.25
950.81,762.55
951.11,742.42
951.41,750.38
951.70,757.87
952.00,736.33
952.30,753.42
952.60,759.04
952.90,742.18
953.19,731.42
953.49,760.44
953.79,754.82
954.09,737.97
954.39,758.80
954.68,753.89
954.98,737.27
955.28,732.12
955.58,751.78
955.87,759.97
956.17,759.74
956.47,741.48
956.77,745.23
957.06,766.06
957.36,751.08
957.66,744.52
957.95,758.80
958.25,744.99
958.55,756.70
958.85,747.80
959.14,748.74
959.44,746.63
959.74,770.27
960.03,760.44
960.33,738.67
960.63,755.99
960.92,748.50
961.22,760.44
961.52,763.72
961.81,755.06
962.11,765.12
962.41,741.95
962.70,735.40
963.00,761.38
963.29,754.35
963.59,763.25
963.89,755.52
964.18,743.35
964.48,752.95
964.77,755.99
965.07,743.59
965.37,758.10
965.66,751.31
965.96,773.78
966.25,774.25
966.55,726.27
966.85,756.46
967.14,728.61
967.44,740.78
967.73,759.97
968.03,748.04
968.32,760.44
968.62,739.38
968.91,746.63
969.21,754.12
969.50,740.31
969.80,744.52
970.09,736.80
970.39,743.35
970.68,742.89
970.98,763.72
971.27,757.16
971.57,757.63
971.86,752.25
972.16,746.40
972.45,751.31
972.75,756.23
973.04,735.16
973.33,749.67
973.63,747.10
973.92,744.99
974.22,760.21
974.51,749.21
974.81,745.69
975.10,755.06
975.39,739.84
975.69,745.23
975.98,744.06
976.28,760.21
976.57,741.72
976.86,778.70
977.16,747.80
977.45,748.97
977.74,753.65
978.04,748.04
978.33,752.25
978.63,754.59
978.92,739.61
979.21,757.16
979.51,743.59
979.80,739.14
980.09,758.33
980.38,758.57
980.68,745.46
980.97,757.16
981.26,744.29
981.56,748.50
981.85,744.52
982.14,742.42
982.44,770.50
982.73,756.23
983.02,737.97
983.31,745.93
983.61,747.10
983.90,741.25
984.19,741.48
984.48,759.04
984.78,749.21
985.07,759.27
985.36,766.29
985.65,747.80
985.94,761.14
986.24,754.12
986.53,746.40
986.82,763.01
987.11,745.93
987.40,735.40
987.70,751.78
987.99,731.65
988.28,734.46
988.57,743.12
988.86,741.72
989.15,760.91
989.45,733.06
989.74,737.74
990.03,737.03
990.32,731.65
990.61,735.63
990.90,749.67
991.19,748.97
991.48,732.82
991.78,745.69
992.07,741.25
992.36,729.54
992.65,733.76
992.94,749.44
993.23,739.61
993.52,759.50
993.81,741.95
994.10,755.06
994.39,748.27
994.68,760.21
994.97,740.55
995.26,762.08
995.55,760.21
995.84,762.78
996.14,748.74
996.43,764.65
996.72,746.16
997.01,746.86
997.30,752.01
997.59,741.95
997.88,736.33
998.17,737.50
998.46,760.67
998.74,735.63
999.03,735.86
999.32,762.78
999.61,770.50
999.90,732.59
1000.19,748.97
1000.48,739.38
1000.77,755.76
1001.06,752.25
1001.35,763.25
1001.64,739.14
1001.93,772.14
1002.22,736.57
1002.51,733.29
1002.80,741.72
1003.09,751.55
1003.37,755.29
1003.66,746.16
1003.95,767.70
1004.24,742.65
1004.53,746.40
1004.82,752.72
1005.11,743.59
1005.39,726.03
1005.68,759.74
1005.97,758.10
1006.26,753.42
1006.55,752.72
1006.84,749.44
1007.12,729.54
1007.41,766.29
1007.70,756.23
1007.99,743.82
1008.28,748.74
1008.56,743.82
1008.85,751.78
1009.14,736.33
1009.43,763.95
1009.72,756.70
1010.00,751.31
1010.29,763.48
1010.58,737.97
1010.87,742.42
1011.15,743.59
1011.44,738.91
1011.73,732.82
1012.02,749.67
1012.30,769.80
1012.59,741.95
1012.88,759.74
1013.16,754.82
1013.45,757.40
1013.74,770.74
1014.03,759.97
1014.31,731.42
1014.60,745.93
1014.89,748.74
1015.17,751.08
1015.46,750.84
1015.75,750.84
1016.03,759.97
1016.32,736.10
1016.60,729.31
1016.89,754.59
1017.18,742.89
1017.46,750.14
1017.75,745.46
1018.04,759.50
1018.32,745.46
1018.61,743.12
1018.89,740.08
1019.18,737.03
1019.47,726.97
1019.75,737.27
1020.04,745.93
1020.32,752.25
1020.61,745.69
1020.89,747.10
1021.18,747.80
1021.47,756.93
1021.75,745.69
1022.04,762.78
1022.32,742.89
1022.61,740.31
1022.89,757.87
